{
  "DashboardPage" : {
    "transaction" : "DashboardPage",
    "sampleCount" : 3,
    "errorCount" : 0,
    "errorPct" : 0.0,
    "meanResTime" : 1056.0,
    "medianResTime" : 1049.0,
    "minResTime" : 825.0,
    "maxResTime" : 1294.0,
    "pct1ResTime" : 1294.0,
    "pct2ResTime" : 1294.0,
    "pct3ResTime" : 1294.0,
    "throughput" : 2.1201413427561837,
    "receivedKBytesPerSec" : 5.2078732332155475,
    "sentKBytesPerSec" : 0.38717424911660775
  },
  "Total" : {
    "transaction" : "Total",
    "sampleCount" : 9,
    "errorCount" : 0,
    "errorPct" : 0.0,
    "meanResTime" : 529.7777777777778,
    "medianResTime" : 274.0,
    "minResTime" : 254.0,
    "maxResTime" : 1294.0,
    "pct1ResTime" : 1294.0,
    "pct2ResTime" : 1294.0,
    "pct3ResTime" : 1294.0,
    "throughput" : 4.672897196261682,
    "receivedKBytesPerSec" : 11.443933346313603,
    "sentKBytesPerSec" : 0.8518302180685359
  },
  "TopNewsPage" : {
    "transaction" : "TopNewsPage",
    "sampleCount" : 3,
    "errorCount" : 0,
    "errorPct" : 0.0,
    "meanResTime" : 267.0,
    "medianResTime" : 271.0,
    "minResTime" : 255.0,
    "maxResTime" : 275.0,
    "pct1ResTime" : 275.0,
    "pct2ResTime" : 275.0,
    "pct3ResTime" : 275.0,
    "throughput" : 8.379888268156424,
    "receivedKBytesPerSec" : 20.491445530726256,
    "sentKBytesPerSec" : 1.5221281424581006
  },
  "HeadlinesPage" : {
    "transaction" : "HeadlinesPage",
    "sampleCount" : 3,
    "errorCount" : 0,
    "errorPct" : 0.0,
    "meanResTime" : 266.3333333333333,
    "medianResTime" : 271.0,
    "minResTime" : 254.0,
    "maxResTime" : 274.0,
    "pct1ResTime" : 274.0,
    "pct2ResTime" : 274.0,
    "pct3ResTime" : 274.0,
    "throughput" : 8.02139037433155,
    "receivedKBytesPerSec" : 19.61480614973262,
    "sentKBytesPerSec" : 1.46484375
  }
}