{
  "DashboardPage" : {
    "transaction" : "DashboardPage",
    "sampleCount" : 3,
    "errorCount" : 0,
    "errorPct" : 0.0,
    "meanResTime" : 921.3333333333334,
    "medianResTime" : 872.0,
    "minResTime" : 770.0,
    "maxResTime" : 1122.0,
    "pct1ResTime" : 1122.0,
    "pct2ResTime" : 1122.0,
    "pct3ResTime" : 1122.0,
    "throughput" : 2.2205773501110286,
    "receivedKBytesPerSec" : 5.45458225388601,
    "sentKBytesPerSec" : 0.4055155903034789
  },
  "Total" : {
    "transaction" : "Total",
    "sampleCount" : 9,
    "errorCount" : 0,
    "errorPct" : 0.0,
    "meanResTime" : 476.44444444444446,
    "medianResTime" : 258.0,
    "minResTime" : 248.0,
    "maxResTime" : 1122.0,
    "pct1ResTime" : 1122.0,
    "pct2ResTime" : 1122.0,
    "pct3ResTime" : 1122.0,
    "throughput" : 4.836109618484685,
    "receivedKBytesPerSec" : 11.843640851692639,
    "sentKBytesPerSec" : 0.8815824825362708
  },
  "TopNewsPage" : {
    "transaction" : "TopNewsPage",
    "sampleCount" : 3,
    "errorCount" : 0,
    "errorPct" : 0.0,
    "meanResTime" : 253.33333333333334,
    "medianResTime" : 254.0,
    "minResTime" : 248.0,
    "maxResTime" : 258.0,
    "pct1ResTime" : 258.0,
    "pct2ResTime" : 258.0,
    "pct3ResTime" : 258.0,
    "throughput" : 6.160164271047228,
    "receivedKBytesPerSec" : 15.063526694045175,
    "sentKBytesPerSec" : 1.1189360882956878
  },
  "HeadlinesPage" : {
    "transaction" : "HeadlinesPage",
    "sampleCount" : 3,
    "errorCount" : 0,
    "errorPct" : 0.0,
    "meanResTime" : 254.66666666666666,
    "medianResTime" : 254.0,
    "minResTime" : 249.0,
    "maxResTime" : 261.0,
    "pct1ResTime" : 261.0,
    "pct2ResTime" : 261.0,
    "pct3ResTime" : 261.0,
    "throughput" : 6.224066390041493,
    "receivedKBytesPerSec" : 15.219787344398341,
    "sentKBytesPerSec" : 1.1366214989626557
  }
}